Id,Shape,Weight,Clarity,Colour,Cut,Polish,Symmetry,Fluorescence,Messurements,Price,Data Url,Use
1775311,HEART,0.3,VS2,M,EX,VG,GD,F,4.07-4.52×2.61,575.28,https://capitalwholesalediamonds.com/product/0-3-ct-heart-420/,Train
1767945,HEART,0.31,VS1,M,EX,VG,VG,F,4.04-4.79×2.71,615.67,https://capitalwholesalediamonds.com/product/0-31-ct-heart-148/,Train
1793192,HEART,0.31,VS1,M,VG,EX,VG,N,4.35-4.39×2.62,631.92,https://capitalwholesalediamonds.com/product/0-31-ct-heart-149/,Train
1781403,HEART,0.3,SI1,N,EX,EX,VG,N,3.99-4.72×2.76,632.57,https://capitalwholesalediamonds.com/product/0-3-ct-heart-537/,Train
1787984,HEART,0.34,SI2,J,VG,EX,VG,F,4.19-4.94×2.92,647.13,https://capitalwholesalediamonds.com/product/0-34-ct-heart-32/,Train
1771391,HEART,0.3,SI2,I,EX,EX,GD,N,4.17-4.72×2.68,658.42,https://capitalwholesalediamonds.com/product/0-3-ct-heart-405/,Train
1800054,HEART,0.29,SI1,J,VG,EX,FR,M,4.02-4.70×2.60,663.43,https://capitalwholesalediamonds.com/product/0-29-ct-heart-22/,Train
1791135,HEART,0.3,SI1,J,EX,EX,GD,N,3.90-4.58×2.73,667.08,https://capitalwholesalediamonds.com/product/0-3-ct-heart-415/,Train
1775296,HEART,0.3,VS1,J,GD,GD,GD,N,3.87-4.65×2.66,667.60,https://capitalwholesalediamonds.com/product/0-3-ct-heart-408/,Train
1772595,HEART,0.3,SI1,J,GD,VG,FR,F,4.22-4.47×2.73,676.71,https://capitalwholesalediamonds.com/product/0-3-ct-heart-414/,Train
1747964,HEART,0.31,VS2,L,EX,EX,VG,N,4.36-4.76×2.67,678.54,https://capitalwholesalediamonds.com/product/0-31-ct-heart-147/,Train
1785263,HEART,0.31,VS1,L,EX,EX,VG,M,4.17-4.68×2.67,680.63,https://capitalwholesalediamonds.com/product/0-31-ct-heart-146/,Train
1800053,HEART,0.3,SI2,I,VG,VG,GD,N,4.28-4.56×2.53,695.94,https://capitalwholesalediamonds.com/product/0-3-ct-heart-404/,Train
1800794,HEART,0.29,VS1,I,GD,VG,GD,ST,4.28-4.67×2.56,697.73,https://capitalwholesalediamonds.com/product/0-29-ct-heart-20/,Train
1787976,HEART,0.3,SI1,I,GD,VG,GD,N,4.29-4.55×2.53,702.57,https://capitalwholesalediamonds.com/product/0-3-ct-heart-401/,Train
1800787,HEART,0.3,SI1,J,VG,VG,VG,F,4.19-4.60×2.71,709.66,https://capitalwholesalediamonds.com/product/0-3-ct-heart-413/,Train
1787977,HEART,0.3,SI1,I,EX,EX,GD,ST,4.21-4.59×2.57,713.21,https://capitalwholesalediamonds.com/product/0-3-ct-heart-397/,Train
1800731,HEART,0.3,VVS2,K,GD,EX,GD,N,4.22-4.45×2.43,716.22,https://capitalwholesalediamonds.com/product/0-3-ct-heart-417/,Train
1795913,HEART,0.3,SI1,J,VG,EX,GD,F,4.01-4.58×2.73,718.28,https://capitalwholesalediamonds.com/product/0-3-ct-heart-412/,Train
1779842,HEART,0.3,VS2,K,EX,EX,VG,N,4.04-4.70×2.76,720.29,https://capitalwholesalediamonds.com/product/0-3-ct-heart-419/,Train
1800035,HEART,0.31,VS2,K,EX,EX,VG,F,4.25-4.77×2.71,730.96,https://capitalwholesalediamonds.com/product/0-31-ct-heart-145/,Train
1789921,HEART,0.3,VS1,K,EX,VG,VG,F,3.97-4.70×2.70,732.97,https://capitalwholesalediamonds.com/product/0-3-ct-heart-418/,Train
1775310,HEART,0.3,VS2,I,VG,EX,GD,M,4.07-4.53×2.74,734.49,https://capitalwholesalediamonds.com/product/0-3-ct-heart-395/,Train
1800792,HEART,0.3,SI2,H,VG,EX,GD,N,4.24-4.74×2.85,737.53,https://capitalwholesalediamonds.com/product/0-3-ct-heart-371/,Train
1741963,HEART,0.33,VVS2,J,EX,EX,GD,N,4.18-4.96×2.81,742.35,https://capitalwholesalediamonds.com/product/0-33-ct-heart-56/,Train
1747962,HEART,0.35,VS1,J,EX,EX,EX,F,4.16-4.92×2.84,746.74,https://capitalwholesalediamonds.com/product/0-35-ct-heart-18/,Train
1800785,HEART,0.3,SI1,F,VG,EX,VG,N,4.10-4.51×2.75,748.21,https://capitalwholesalediamonds.com/product/0-3-ct-heart-240/,Train
1785298,HEART,0.3,SI1,I,GD,VG,GD,N,3.90-4.68×2.73,750.70,https://capitalwholesalediamonds.com/product/0-3-ct-heart-402/,Train
1746097,HEART,0.3,VS1,I,VG,EX,VG,N,3.83-4.61×2.76,752.78,https://capitalwholesalediamonds.com/product/0-3-ct-heart-382/,Train
1795846,HEART,0.3,VVS1,K,VG,EX,VG,F,3.82-4.59×2.76,753.77,https://capitalwholesalediamonds.com/product/0-3-ct-heart-416/,Train
1771389,HEART,0.31,SI2,F,EX,EX,VG,N,4.02-4.78×2.80,756.65,https://capitalwholesalediamonds.com/product/0-31-ct-heart-86/,Train
1778575,HEART,0.3,SI1,I,VG,EX,GD,N,4.16-4.55×2.73,758.34,https://capitalwholesalediamonds.com/product/0-3-ct-heart-403/,Train
1769680,HEART,0.3,SI2,F,EX,EX,VG,N,4.16-4.61×2.73,760.87,https://capitalwholesalediamonds.com/product/0-3-ct-heart-250/,Train
1793190,HEART,0.3,VS1,J,VG,EX,GD,N,4.03-4.65×2.75,761.35,https://capitalwholesalediamonds.com/product/0-3-ct-heart-410/,Train
1793189,HEART,0.32,VS1,J,GD,VG,GD,N,3.95-4.75×2.93,761.50,https://capitalwholesalediamonds.com/product/0-32-ct-heart-85/,Train
1771385,HEART,0.3,SI1,I,VG,EX,VG,N,4.19-4.58×2.58,762.92,https://capitalwholesalediamonds.com/product/0-3-ct-heart-396/,Train
1757241,HEART,0.31,VS1,I,EX,EX,VG,M,4.10-4.82×2.78,762.92,https://capitalwholesalediamonds.com/product/0-31-ct-heart-137/,Train
1771362,HEART,0.3,VS2,J,VG,EX,GD,N,4.31-4.56×2.51,764.89,https://capitalwholesalediamonds.com/product/0-3-ct-heart-411/,Train
1783883,HEART,0.3,SI2,H,EX,VG,VG,N,3.99-4.72×2.71,766.92,https://capitalwholesalediamonds.com/product/0-3-ct-heart-372/,Train
1779847,HEART,0.3,SI1,I,VG,EX,VG,F,4.24-4.64×2.55,770.00,https://capitalwholesalediamonds.com/product/0-3-ct-heart-399/,Train
1698994,HEART,0.29,SI1,G,VG,EX,GD,N,4.18-4.71×2.60,770.27,https://capitalwholesalediamonds.com/product/0-29-ct-heart-19/,Train
1779848,HEART,0.35,SI2,G,VG,EX,VG,N,4.17-4.85×2.84,773.39,https://capitalwholesalediamonds.com/product/0-35-ct-heart-13/,Train
1771361,HEART,0.31,VS2,I,EX,EX,VG,M,4.02-4.74×2.78,773.92,https://capitalwholesalediamonds.com/product/0-31-ct-heart-142/,Train
1800791,HEART,0.3,SI2,H,EX,EX,VG,N,4.15-4.74×2.69,775.57,https://capitalwholesalediamonds.com/product/0-3-ct-heart-373/,Train
1795915,HEART,0.3,SI2,H,EX,VG,VG,N,4.34-4.64×2.53,781.15,https://capitalwholesalediamonds.com/product/0-3-ct-heart-374/,Train
1789945,HEART,0.3,SI2,F,EX,VG,GD,N,4.29-4.70×2.79,781.64,https://capitalwholesalediamonds.com/product/0-3-ct-heart-253/,Train
1781376,HEART,0.41,VS1,L,EX,EX,VG,N,4.56-5.28×2.97,782.15,https://capitalwholesalediamonds.com/product/0-41-ct-heart-54/,Train
1778562,HEART,0.3,VS1,I,GD,VG,GD,F,3.88-4.68×2.76,786.71,https://capitalwholesalediamonds.com/product/0-3-ct-heart-383/,Train
1785297,HEART,0.31,SI1,I,GD,EX,VG,N,4.37-4.46×2.47,786.98,https://capitalwholesalediamonds.com/product/0-31-ct-heart-143/,Train
1783877,HEART,0.3,SI1,I,VG,EX,VG,N,4.04-4.67×2.62,788.23,https://capitalwholesalediamonds.com/product/0-3-ct-heart-398/,Train
1785304,HEART,0.29,SI1,D,GD,VG,GD,N,3.92-4.75×2.80,791.33,https://capitalwholesalediamonds.com/product/0-29-ct-heart-25/,Train
1789933,HEART,0.3,VS2,I,GD,EX,EX,N,4.27-4.51×2.46,794.30,https://capitalwholesalediamonds.com/product/0-3-ct-heart-392/,Train
1785301,HEART,0.3,SI2,F,GD,VG,GD,N,4.33-4.57×2.47,794.37,https://capitalwholesalediamonds.com/product/0-3-ct-heart-251/,Train
1775287,HEART,0.3,VVS2,J,VG,EX,VG,F,3.90-4.60×2.78,795.33,https://capitalwholesalediamonds.com/product/0-3-ct-heart-406/,Train
1717449,HEART,0.29,SI1,F,GD,EX,GD,N,3.86-4.55×2.76,796.23,https://capitalwholesalediamonds.com/product/0-29-ct-heart-14/,Train
1785296,HEART,0.33,SI1,I,EX,EX,GD,F,4.08-4.85×2.85,798.10,https://capitalwholesalediamonds.com/product/0-33-ct-heart-55/,Train
1793213,HEART,0.3,SI1,I,VG,EX,VG,N,4.27-4.50×2.49,799.39,https://capitalwholesalediamonds.com/product/0-3-ct-heart-400/,Train
1703692,HEART,0.4,SI1,I,EX,EX,VG,N,4.47-5.11×3.01,800.42,https://capitalwholesalediamonds.com/product/0-4-ct-heart-199/,Train
1789932,HEART,0.3,VS2,I,VG,EX,VG,M,3.96-4.68×2.83,805.98,https://capitalwholesalediamonds.com/product/0-3-ct-heart-389/,Train
1740726,HEART,0.29,VS2,I,GD,EX,VG,N,3.99-4.73×2.56,807.03,https://capitalwholesalediamonds.com/product/0-29-ct-heart-21/,Train
1759341,HEART,0.3,SI1,H,VG,EX,VG,N,4.19-4.71×2.64,808.01,https://capitalwholesalediamonds.com/product/0-3-ct-heart-367/,Train
1800796,HEART,0.29,SI1,D,GD,GD,GD,F,4.22-4.57×2.62,808.48,https://capitalwholesalediamonds.com/product/0-29-ct-heart-26/,Train
1800755,HEART,0.3,VS1,J,EX,EX,VG,F,4.12-4.69×2.75,808.53,https://capitalwholesalediamonds.com/product/0-3-ct-heart-407/,Train
1800790,HEART,0.3,SI2,G,VG,EX,GD,N,4.01-4.68×2.82,809.51,https://capitalwholesalediamonds.com/product/0-3-ct-heart-336/,Train
1771390,HEART,0.3,SI2,F,VG,EX,VG,N,4.02-4.76×2.72,809.53,https://capitalwholesalediamonds.com/product/0-3-ct-heart-257/,Train
1794501,HEART,0.34,VVS2,J,EX,EX,VG,N,4.21-4.99×2.81,811.49,https://capitalwholesalediamonds.com/product/0-34-ct-heart-31/,Train
1772592,HEART,0.31,VS2,I,EX,EX,VG,F,4.09-4.74×2.67,815.80,https://capitalwholesalediamonds.com/product/0-31-ct-heart-139/,Train
1785282,HEART,0.3,VS2,I,VG,EX,GD,N,4.19-4.53×2.55,817.66,https://capitalwholesalediamonds.com/product/0-3-ct-heart-393/,Train
1800778,HEART,0.33,VS2,J,EX,EX,VG,N,4.37-4.85×2.73,819.30,https://capitalwholesalediamonds.com/product/0-33-ct-heart-57/,Train
1795897,HEART,0.33,VS2,J,EX,EX,VG,F,4.35-4.75×2.77,819.30,https://capitalwholesalediamonds.com/product/0-33-ct-heart-58/,Train
1741345,HEART,0.31,SI1,F,EX,EX,VG,N,4.09-4.82×2.80,821.61,https://capitalwholesalediamonds.com/product/0-31-ct-heart-82/,Train
1766952,HEART,0.3,VS2,I,VG,EX,VG,N,4.00-4.63×2.75,822.22,https://capitalwholesalediamonds.com/product/0-3-ct-heart-390/,Train
1785283,HEART,0.3,VS2,I,GD,VG,VG,N,4.20-4.47×2.58,829.28,https://capitalwholesalediamonds.com/product/0-3-ct-heart-394/,Train
1800789,HEART,0.3,SI2,F,GD,EX,VG,N,4.24-4.54×2.64,829.30,https://capitalwholesalediamonds.com/product/0-3-ct-heart-252/,Train
1700302,HEART,0.29,SI1,F,GD,EX,VG,N,3.87-4.61×2.77,829.54,https://capitalwholesalediamonds.com/product/0-29-ct-heart-15/,Train
1747092,HEART,0.29,SI1,F,GD,VG,VG,F,3.96-4.62×2.81,829.54,https://capitalwholesalediamonds.com/product/0-29-ct-heart-16/,Train
1800754,HEART,0.3,VS1,J,EX,EX,EX,F,3.94-4.67×2.72,830.33,https://capitalwholesalediamonds.com/product/0-3-ct-heart-409/,Train
1786572,HEART,0.32,VS1,I,EX,VG,GD,N,4.07-4.80×2.83,831.26,https://capitalwholesalediamonds.com/product/0-32-ct-heart-84/,Train
1785300,HEART,0.3,SI2,F,VG,EX,VG,N,4.16-4.46×2.67,832.33,https://capitalwholesalediamonds.com/product/0-3-ct-heart-255/,Train
1771394,HEART,0.29,SI1,E,VG,VG,GD,N,4.22-4.59×2.59,837.87,https://capitalwholesalediamonds.com/product/0-29-ct-heart-7/,Train
1683265,HEART,0.29,SI1,E,VG,EX,GD,N,4.23-4.62×2.58,837.87,https://capitalwholesalediamonds.com/product/0-29-ct-heart-8/,Train
1800797,HEART,0.29,SI1,E,VG,VG,GD,N,3.97-4.66×2.72,838.36,https://capitalwholesalediamonds.com/product/0-29-ct-heart-6/,Train
1771313,HEART,0.3,VVS1,I,VG,EX,GD,N,4.07-4.67×2.70,838.41,https://capitalwholesalediamonds.com/product/0-3-ct-heart-375/,Train
1775298,HEART,0.37,VS1,K,EX,EX,EX,N,4.47-5.00×2.97,840.78,https://capitalwholesalediamonds.com/product/0-37-ct-heart-4/,Train
1783865,HEART,0.3,VS2,I,EX,EX,VG,F,4.04-4.75×2.82,840.96,https://capitalwholesalediamonds.com/product/0-3-ct-heart-384/,Train
1793204,HEART,0.3,VS2,I,VG,EX,VG,N,4.26-4.50×2.48,840.96,https://capitalwholesalediamonds.com/product/0-3-ct-heart-391/,Train
1778563,HEART,0.3,VS1,I,EX,VG,GD,N,3.99-4.67×2.76,841.48,https://capitalwholesalediamonds.com/product/0-3-ct-heart-381/,Train
1791134,HEART,0.3,SI1,H,GD,VG,GD,N,4.09-4.58×2.70,845.05,https://capitalwholesalediamonds.com/product/0-3-ct-heart-370/,Train
1800051,HEART,0.3,SI2,E,GD,EX,VG,N,4.12-4.53×2.52,846.08,https://capitalwholesalediamonds.com/product/0-3-ct-heart-138/,Train
1800753,HEART,0.31,VS1,J,EX,VG,VG,N,3.95-4.66×2.71,846.74,https://capitalwholesalediamonds.com/product/0-31-ct-heart-144/,Train
1795914,HEART,0.3,SI2,F,EX,EX,GD,N,4.01-4.74×2.81,848.60,https://capitalwholesalediamonds.com/product/0-3-ct-heart-254/,Train
1800052,HEART,0.3,SI2,F,EX,VG,GD,N,3.98-4.71×2.78,848.60,https://capitalwholesalediamonds.com/product/0-3-ct-heart-256/,Train
1785299,HEART,0.31,SI2,F,EX,GD,VG,N,4.05-4.71×2.76,848.80,https://capitalwholesalediamonds.com/product/0-31-ct-heart-87/,Train
1793214,HEART,0.3,SI2,E,EX,EX,GD,N,3.97-4.73×2.80,850.12,https://capitalwholesalediamonds.com/product/0-3-ct-heart-140/,Train
1767982,HEART,0.3,SI1,G,VG,EX,VG,N,4.30-4.66×2.57,853.18,https://capitalwholesalediamonds.com/product/0-3-ct-heart-329/,Train
1763973,HEART,0.3,SI1,F,VG,EX,VG,N,4.04-4.73×2.62,855.14,https://capitalwholesalediamonds.com/product/0-3-ct-heart-235/,Train
1771384,HEART,0.37,SI1,I,EX,EX,VG,F,4.55-5.01×2.94,856.42,https://capitalwholesalediamonds.com/product/0-37-ct-heart-3/,Train
1791137,HEART,0.3,SI2,E,VG,EX,VG,N,4.05-4.60×2.57,856.73,https://capitalwholesalediamonds.com/product/0-3-ct-heart-141/,Train
1791801,HEART,0.3,VS2,I,GD,EX,VG,N,4.29-4.52×2.46,858.18,https://capitalwholesalediamonds.com/product/0-3-ct-heart-385/,Train
1800777,HEART,0.31,VS2,I,EX,EX,VG,F,4.24-4.63×2.65,861.93,https://capitalwholesalediamonds.com/product/0-31-ct-heart-140/,Train
1791807,HEART,0.3,SI2,E,GD,EX,GD,N,3.88-4.59×2.82,863.25,https://capitalwholesalediamonds.com/product/0-3-ct-heart-139/,Train
1786578,HEART,0.3,SI1,F,GD,VG,GD,F,4.14-4.53×2.75,864.27,https://capitalwholesalediamonds.com/product/0-3-ct-heart-231/,Train
1789934,HEART,0.3,VS2,I,EX,EX,VG,N,4.05-4.66×2.72,864.27,https://capitalwholesalediamonds.com/product/0-3-ct-heart-386/,Train
1767983,HEART,0.3,SI1,G,VG,VG,VG,N,3.94-4.64×2.55,866.31,https://capitalwholesalediamonds.com/product/0-3-ct-heart-322/,Train
1674737,HEART,0.29,VS1,G,VG,VG,GD,F,4.04-4.81×2.69,866.33,https://capitalwholesalediamonds.com/product/0-29-ct-heart-18/,Train
1761674,HEART,0.4,SI2,I,VG,EX,VG,M,4.53-5.02×2.98,867.31,https://capitalwholesalediamonds.com/product/0-4-ct-heart-200/,Train
1782798,HEART,0.3,VS2,I,EX,EX,VG,N,4.22-4.60×2.61,868.34,https://capitalwholesalediamonds.com/product/0-3-ct-heart-387/,Train
1791131,HEART,0.31,VS2,I,EX,VG,VG,M,4.14-4.74×2.71,869.79,https://capitalwholesalediamonds.com/product/0-31-ct-heart-141/,Train
1783866,HEART,0.3,VS2,I,EX,EX,VG,N,4.07-4.66×2.72,870.35,https://capitalwholesalediamonds.com/product/0-3-ct-heart-388/,Train
1787979,HEART,0.3,SI2,D,VG,VG,GD,N,4.12-4.64×2.78,871.87,https://capitalwholesalediamonds.com/product/0-3-ct-heart-535/,Train
1775316,HEART,0.3,SI1,E,VG,EX,GD,F,3.84-4.56×2.76,875.42,https://capitalwholesalediamonds.com/product/0-3-ct-heart-133/,Train
1759339,HEART,0.31,SI1,E,VG,EX,GD,N,4.24-4.72×2.64,876.06,https://capitalwholesalediamonds.com/product/0-31-ct-heart-38/,Train
1771387,HEART,0.31,SI2,E,EX,EX,VG,N,4.14-4.71×2.70,877.68,https://capitalwholesalediamonds.com/product/0-31-ct-heart-43/,Train
1772593,HEART,0.31,SI1,G,VG,VG,GD,N,4.17-4.83×2.71,879.73,https://capitalwholesalediamonds.com/product/0-31-ct-heart-112/,Train
1769675,HEART,0.3,SI1,E,VG,VG,GD,N,4.27-4.69×2.63,880.52,https://capitalwholesalediamonds.com/product/0-3-ct-heart-115/,Train
1800050,HEART,0.3,SI1,H,VG,VG,FR,F,4.04-4.51×2.49,881.03,https://capitalwholesalediamonds.com/product/0-3-ct-heart-364/,Train
1789931,HEART,0.31,VS2,I,EX,EX,VG,N,4.07-4.82×2.87,881.81,https://capitalwholesalediamonds.com/product/0-31-ct-heart-138/,Train
1781398,HEART,0.3,SI1,F,VG,EX,VG,N,4.05-4.74×2.62,882.52,https://capitalwholesalediamonds.com/product/0-3-ct-heart-248/,Train
1791138,HEART,0.34,SI2,F,EX,VG,VG,N,4.36-4.82×2.80,883.89,https://capitalwholesalediamonds.com/product/0-34-ct-heart-20/,Train
1783876,HEART,0.3,SI1,G,VG,VG,GD,N,3.98-4.63×2.68,884.06,https://capitalwholesalediamonds.com/product/0-3-ct-heart-333/,Train
1787922,HEART,0.3,VVS2,I,GD,EX,GD,N,3.80-4.61×2.82,884.06,https://capitalwholesalediamonds.com/product/0-3-ct-heart-377/,Train
1793215,HEART,0.32,SI2,F,EX,EX,VG,N,4.23-4.65×2.78,885.32,https://capitalwholesalediamonds.com/product/0-32-ct-heart-54/,Train
1762935,HEART,0.3,SI1,E,VG,EX,GD,N,3.87-4.65×2.74,885.56,https://capitalwholesalediamonds.com/product/0-3-ct-heart-125/,Train
1787974,HEART,0.3,SI1,F,VG,EX,GD,N,4.16-4.64×2.56,886.62,https://capitalwholesalediamonds.com/product/0-3-ct-heart-247/,Train
1787978,HEART,0.3,SI2,D,VG,EX,VG,N,4.33-4.61×2.56,886.62,https://capitalwholesalediamonds.com/product/0-3-ct-heart-536/,Train
1778574,HEART,0.3,SI1,H,EX,VG,GD,F,3.97-4.65×2.69,886.64,https://capitalwholesalediamonds.com/product/0-3-ct-heart-369/,Train
1795877,HEART,0.3,VS1,I,EX,EX,VG,ST,4.25-4.65×2.62,887.62,https://capitalwholesalediamonds.com/product/0-3-ct-heart-379/,Train
1795911,HEART,0.3,SI1,G,VG,EX,GD,N,3.93-4.68×2.74,888.10,https://capitalwholesalediamonds.com/product/0-3-ct-heart-335/,Train
1800046,HEART,0.3,SI1,F,GD,VG,GD,F,4.03-4.62×2.81,890.12,https://capitalwholesalediamonds.com/product/0-3-ct-heart-228/,Train
1785291,HEART,0.3,SI1,G,EX,EX,VG,M,4.27-4.68×2.72,891.15,https://capitalwholesalediamonds.com/product/0-3-ct-heart-321/,Train
1785290,HEART,0.3,SI1,G,VG,VG,GD,N,3.89-4.66×2.76,891.15,https://capitalwholesalediamonds.com/product/0-3-ct-heart-325/,Train
1779844,HEART,0.3,SI1,F,VG,VG,GD,N,4.03-4.67×2.61,891.19,https://capitalwholesalediamonds.com/product/0-3-ct-heart-230/,Train
1763974,HEART,0.3,SI1,G,EX,EX,VG,N,4.03-4.69×2.78,892.22,https://capitalwholesalediamonds.com/product/0-3-ct-heart-330/,Train
1785284,HEART,0.3,SI1,D,VG,EX,GD,M,4.35-4.71×2.62,893.23,https://capitalwholesalediamonds.com/product/0-3-ct-heart-527/,Train
1786579,HEART,0.3,SI1,F,VG,EX,GD,N,4.33-4.61×2.67,893.71,https://capitalwholesalediamonds.com/product/0-3-ct-heart-243/,Train
1765068,HEART,0.3,SI2,D,EX,EX,VG,N,4.14-4.76×2.70,893.71,https://capitalwholesalediamonds.com/product/0-3-ct-heart-533/,Train
1791806,HEART,0.3,SI2,D,VG,EX,VG,N,4.24-4.64×2.61,893.71,https://capitalwholesalediamonds.com/product/0-3-ct-heart-534/,Train
1726033,HEART,0.32,SI1,F,EX,EX,GD,N,4.21-4.77×2.82,893.99,https://capitalwholesalediamonds.com/product/0-32-ct-heart-53/,Train
1800044,HEART,0.3,SI1,E,VG,EX,GD,F,4.19-4.63×2.75,895.21,https://capitalwholesalediamonds.com/product/0-3-ct-heart-135/,Train
1767974,HEART,0.3,SI1,D,GD,EX,GD,N,3.87-4.54×2.74,895.73,https://capitalwholesalediamonds.com/product/0-3-ct-heart-516/,Train
1800017,HEART,0.35,VS1,I,EX,EX,GD,M,4.53-4.98×2.70,896.41,https://capitalwholesalediamonds.com/product/0-35-ct-heart-17/,Train
1795906,HEART,0.3,SI1,F,VG,EX,GD,F,4.26-4.59×2.69,897.27,https://capitalwholesalediamonds.com/product/0-3-ct-heart-246/,Train
1791805,HEART,0.3,SI1,G,VG,VG,GD,F,4.23-4.77×2.64,897.74,https://capitalwholesalediamonds.com/product/0-3-ct-heart-326/,Train
1783873,HEART,0.3,SI1,F,VG,EX,GD,F,3.93-4.71×2.71,900.77,https://capitalwholesalediamonds.com/product/0-3-ct-heart-232/,Train
1769681,HEART,0.29,VS1,F,VG,VG,VG,N,4.17-4.66×2.59,901.16,https://capitalwholesalediamonds.com/product/0-29-ct-heart-10/,Train
1750305,HEART,0.3,SI1,E,VG,EX,VG,N,3.88-4.66×2.75,901.78,https://capitalwholesalediamonds.com/product/0-3-ct-heart-123/,Train
1791136,HEART,0.31,SI2,E,EX,EX,VG,N,4.04-4.78×2.76,902.26,https://capitalwholesalediamonds.com/product/0-31-ct-heart-44/,Train
1767944,HEART,0.31,VS1,I,EX,VG,VG,N,4.01-4.74×2.76,902.81,https://capitalwholesalediamonds.com/product/0-31-ct-heart-135/,Train
1593741,HEART,0.5,SI1,K,EX,VG,VG,F,4.95-5.55×3.12,904.35,https://capitalwholesalediamonds.com/product/0-5-ct-heart-99/,Train
1766954,HEART,0.3,SI1,D,VG,VG,GD,N,4.04-4.79×2.67,905.91,https://capitalwholesalediamonds.com/product/0-3-ct-heart-522/,Train
1800751,HEART,0.3,VS1,I,VG,EX,VG,F,4.09-4.63×2.61,906.87,https://capitalwholesalediamonds.com/product/0-3-ct-heart-380/,Train
1795912,HEART,0.33,SI1,H,EX,VG,GD,F,4.35-4.73×2.66,906.92,https://capitalwholesalediamonds.com/product/0-33-ct-heart-52/,Train
1783878,HEART,0.32,SI2,D,EX,EX,GD,F,4.06-4.81×2.72,907.46,https://capitalwholesalediamonds.com/product/0-32-ct-heart-102/,Train
1793212,HEART,0.3,SI1,F,VG,EX,GD,N,4.25-4.50×2.65,907.92,https://capitalwholesalediamonds.com/product/0-3-ct-heart-229/,Train
1749163,HEART,0.3,VS1,F,EX,EX,GD,F,4.09-4.73×2.71,909.47,https://capitalwholesalediamonds.com/product/0-3-ct-heart-173/,Train
1795903,HEART,0.3,SI1,E,GD,VG,GD,N,3.88-4.76×2.75,910.94,https://capitalwholesalediamonds.com/product/0-3-ct-heart-118/,Train
1785295,HEART,0.3,SI1,H,VG,EX,VG,N,4.26-4.69×2.63,914.51,https://capitalwholesalediamonds.com/product/0-3-ct-heart-366/,Train
1800047,HEART,0.32,SI1,G,EX,EX,VG,N,4.33-4.71×2.79,917.20,https://capitalwholesalediamonds.com/product/0-32-ct-heart-74/,Train
1789938,HEART,0.31,SI1,E,EX,EX,VG,F,4.21-4.63×2.70,917.97,https://capitalwholesalediamonds.com/product/0-31-ct-heart-35/,Train
1785285,HEART,0.31,SI1,E,EX,EX,GD,N,4.15-4.50×2.68,917.97,https://capitalwholesalediamonds.com/product/0-31-ct-heart-42/,Train
1771369,HEART,0.3,SI1,E,VG,VG,GD,N,4.28-4.61×2.67,918.01,https://capitalwholesalediamonds.com/product/0-3-ct-heart-129/,Train
1791133,HEART,0.3,SI1,G,VG,EX,GD,N,4.05-4.64×2.57,918.04,https://capitalwholesalediamonds.com/product/0-3-ct-heart-324/,Train
1795908,HEART,0.3,SI1,F,VG,EX,GD,N,4.23-4.47×2.67,920.09,https://capitalwholesalediamonds.com/product/0-3-ct-heart-241/,Train
1800034,HEART,0.3,VS2,H,GD,VG,GD,N,4.24-4.71×2.62,920.09,https://capitalwholesalediamonds.com/product/0-3-ct-heart-360/,Train
1771380,HEART,0.3,SI1,G,EX,EX,VG,N,4.20-4.65×2.67,920.61,https://capitalwholesalediamonds.com/product/0-3-ct-heart-334/,Train
1789097,HEART,0.3,VVS1,I,EX,VG,VG,N,4.24-4.71×2.67,923.13,https://capitalwholesalediamonds.com/product/0-3-ct-heart-376/,Train
1779846,HEART,0.3,SI1,G,EX,EX,GD,N,4.07-4.65×2.76,923.59,https://capitalwholesalediamonds.com/product/0-3-ct-heart-319/,Train
1800788,HEART,0.32,SI2,F,EX,EX,EX,N,4.22-4.68×2.71,924.26,https://capitalwholesalediamonds.com/product/0-32-ct-heart-55/,Train
1789942,HEART,0.3,SI1,G,EX,EX,GD,N,4.13-4.68×2.63,924.65,https://capitalwholesalediamonds.com/product/0-3-ct-heart-327/,Train
1789926,HEART,0.3,VS2,E,VG,GD,GD,M,4.07-4.73×2.73,925.63,https://capitalwholesalediamonds.com/product/0-3-ct-heart-92/,Train
1791804,HEART,0.31,SI1,F,EX,EX,VG,F,3.92-4.53×2.74,926.91,https://capitalwholesalediamonds.com/product/0-31-ct-heart-85/,Train
1789118,HEART,0.31,VS1,I,VG,EX,VG,F,4.39-4.69×2.59,926.91,https://capitalwholesalediamonds.com/product/0-31-ct-heart-136/,Train
1750304,HEART,0.32,SI1,E,EX,VG,VG,N,4.38-4.79×2.81,927.00,https://capitalwholesalediamonds.com/product/0-32-ct-heart-24/,Train
1767978,HEART,0.3,SI1,F,EX,VG,VG,N,4.03-4.69×2.75,927.17,https://capitalwholesalediamonds.com/product/0-3-ct-heart-234/,Train
1750303,HEART,0.33,SI1,E,EX,EX,VG,N,4.19-4.89×2.79,928.62,https://capitalwholesalediamonds.com/product/0-33-ct-heart-6/,Train
1717448,HEART,0.29,VS1,F,VG,VG,VG,N,3.95-4.68×2.78,929.06,https://capitalwholesalediamonds.com/product/0-29-ct-heart-11/,Train
1793208,HEART,0.3,SI1,E,VG,EX,GD,N,3.98-4.84×2.71,930.75,https://capitalwholesalediamonds.com/product/0-3-ct-heart-120/,Train
1789940,HEART,0.3,SI1,E,GD,VG,GD,N,4.30-4.64×2.65,930.75,https://capitalwholesalediamonds.com/product/0-3-ct-heart-124/,Train
1749153,HEART,0.4,VS1,J,VG,EX,VG,F,4.74-5.03×2.79,932.20,https://capitalwholesalediamonds.com/product/0-4-ct-heart-203/,Train
1775304,HEART,0.3,VS2,F,GD,EX,GD,F,4.20-4.55×2.63,932.29,https://capitalwholesalediamonds.com/product/0-3-ct-heart-214/,Train
1771368,HEART,0.3,SI1,E,EX,EX,GD,N,4.12-4.55×2.56,932.78,https://capitalwholesalediamonds.com/product/0-3-ct-heart-136/,Train
1712997,HEART,0.29,IF,G,GD,EX,GD,F,4.33-4.54×2.47,934.99,https://capitalwholesalediamonds.com/product/0-29-ct-heart-17/,Train
1779843,HEART,0.3,SI1,E,VG,EX,GD,N,4.12-4.55×2.60,937.80,https://capitalwholesalediamonds.com/product/0-3-ct-heart-121/,Train
1785281,HEART,0.3,VS2,H,VG,VG,GD,F,4.23-4.58×2.53,937.81,https://capitalwholesalediamonds.com/product/0-3-ct-heart-357/,Train
1769672,HEART,0.3,SI1,D,VG,EX,GD,N,4.13-4.55×2.73,938.32,https://capitalwholesalediamonds.com/product/0-3-ct-heart-524/,Train
1787968,HEART,0.3,SI1,E,VG,VG,GD,N,4.06-4.53×2.66,938.86,https://capitalwholesalediamonds.com/product/0-3-ct-heart-134/,Train
1775314,HEART,0.3,SI1,E,VG,EX,GD,N,4.32-4.60×2.52,939.34,https://capitalwholesalediamonds.com/product/0-3-ct-heart-137/,Train
1723731,HEART,0.34,SI1,F,EX,EX,VG,N,4.20-4.87×2.88,940.21,https://capitalwholesalediamonds.com/product/0-34-ct-heart-19/,Train
1759334,HEART,0.3,VS2,F,GD,VG,FR,N,4.32-4.68×2.64,940.91,https://capitalwholesalediamonds.com/product/0-3-ct-heart-208/,Train
1778569,HEART,0.3,SI1,E,EX,EX,VG,N,4.12-4.64×2.63,941.85,https://capitalwholesalediamonds.com/product/0-3-ct-heart-119/,Train
1793206,HEART,0.31,SI1,E,EX,EX,VG,M,4.14-4.78×2.76,942.61,https://capitalwholesalediamonds.com/product/0-31-ct-heart-41/,Train
1767980,HEART,0.3,SI1,G,EX,VG,VG,N,3.99-4.73×2.81,942.88,https://capitalwholesalediamonds.com/product/0-3-ct-heart-323/,Train
1783867,HEART,0.3,SI1,D,VG,VG,GD,N,3.93-4.70×2.74,942.88,https://capitalwholesalediamonds.com/product/0-3-ct-heart-510/,Train
1783879,HEART,0.38,SI2,E,EX,VG,GD,N,4.50-5.05×3.01,942.99,https://capitalwholesalediamonds.com/product/0-38-ct-heart-2/,Train
1771354,HEART,0.3,VS2,F,VG,VG,GD,F,4.26-4.53×2.70,943.39,https://capitalwholesalediamonds.com/product/0-3-ct-heart-209/,Train
1771377,HEART,0.3,SI1,F,EX,EX,VG,N,4.17-4.59×2.73,943.90,https://capitalwholesalediamonds.com/product/0-3-ct-heart-242/,Train
1771375,HEART,0.3,SI1,F,EX,EX,VG,N,4.00-4.72×2.79,943.90,https://capitalwholesalediamonds.com/product/0-3-ct-heart-245/,Train
1771376,HEART,0.3,SI1,F,EX,EX,VG,N,4.09-4.53×2.68,943.90,https://capitalwholesalediamonds.com/product/0-3-ct-heart-249/,Train
1778572,HEART,0.31,SI1,G,EX,EX,EX,F,4.01-4.74×2.76,944.20,https://capitalwholesalediamonds.com/product/0-31-ct-heart-118/,Train
1771393,HEART,0.29,VS2,F,GD,EX,VG,N,3.89-4.60×2.74,944.29,https://capitalwholesalediamonds.com/product/0-29-ct-heart-13/,Train
1787973,HEART,0.3,SI1,F,EX,EX,GD,N,4.17-4.64×2.62,944.42,https://capitalwholesalediamonds.com/product/0-3-ct-heart-236/,Train
1785257,HEART,0.31,VS1,G,GD,EX,GD,M,4.32-4.63×2.49,945.76,https://capitalwholesalediamonds.com/product/0-31-ct-heart-100/,Train
1771365,HEART,0.3,SI1,D,VG,EX,GD,N,4.01-4.70×2.79,945.89,https://capitalwholesalediamonds.com/product/0-3-ct-heart-507/,Train
1800752,HEART,0.3,VS1,I,EX,EX,VG,N,4.06-4.70×2.71,945.96,https://capitalwholesalediamonds.com/product/0-3-ct-heart-378/,Train
1789939,HEART,0.3,SI1,E,EX,EX,GD,N,4.03-4.78×2.75,946.40,https://capitalwholesalediamonds.com/product/0-3-ct-heart-122/,Train
1787969,HEART,0.3,SI1,E,EX,VG,GD,N,4.17-4.58×2.61,946.40,https://capitalwholesalediamonds.com/product/0-3-ct-heart-127/,Train
1781402,HEART,0.3,SI1,H,EX,VG,VG,N,4.13-4.56×2.59,946.42,https://capitalwholesalediamonds.com/product/0-3-ct-heart-368/,Train
1729432,HEART,0.4,SI2,H,VG,EX,VG,N,4.49-5.14×2.93,947.09,https://capitalwholesalediamonds.com/product/0-4-ct-heart-181/,Train
1771383,HEART,0.3,SI1,H,EX,VG,VG,N,4.09-4.63×2.74,948.46,https://capitalwholesalediamonds.com/product/0-3-ct-heart-365/,Train
1795910,HEART,0.31,SI1,G,EX,VG,VG,F,4.30-4.65×2.52,949.41,https://capitalwholesalediamonds.com/product/0-31-ct-heart-116/,Train
1775319,HEART,0.31,SI1,F,EX,VG,GD,N,3.99-4.70×2.78,949.95,https://capitalwholesalediamonds.com/product/0-31-ct-heart-83/,Train
1789937,HEART,0.3,SI1,D,EX,EX,GD,M,4.17-4.75×2.68,950.98,https://capitalwholesalediamonds.com/product/0-3-ct-heart-529/,Train
1766950,HEART,0.3,VS2,F,VG,VG,GD,N,4.28-4.59×2.53,951.50,https://capitalwholesalediamonds.com/product/0-3-ct-heart-219/,Train
1782792,HEART,0.31,VVS2,I,EX,EX,VG,F,4.04-4.73×2.80,951.54,https://capitalwholesalediamonds.com/product/0-31-ct-heart-134/,Train
1793207,HEART,0.3,SI1,E,EX,VG,VG,N,4.18-4.58×2.71,954.02,https://capitalwholesalediamonds.com/product/0-3-ct-heart-116/,Train
1783862,HEART,0.3,VS2,G,GD,GD,GD,N,3.97-4.62×2.83,954.02,https://capitalwholesalediamonds.com/product/0-3-ct-heart-294/,Train
1783850,HEART,0.3,VS1,H,VG,EX,VG,ST,4.06-4.64×2.80,954.02,https://capitalwholesalediamonds.com/product/0-3-ct-heart-349/,Train
1750283,HEART,0.46,SI2,H,EX,EX,GD,N,4.72-5.30×3.07,955.29,https://capitalwholesalediamonds.com/product/0-46-ct-heart-25/,Train
1791803,HEART,0.33,SI1,E,EX,EX,VG,F,4.21-4.77×2.79,955.39,https://capitalwholesalediamonds.com/product/0-33-ct-heart-8/,Train
1771370,HEART,0.3,SI1,E,EX,EX,VG,N,4.22-4.65×2.63,955.56,https://capitalwholesalediamonds.com/product/0-3-ct-heart-113/,Train
1771372,HEART,0.38,SI1,F,EX,GD,GD,M,4.62-4.94×2.67,955.86,https://capitalwholesalediamonds.com/product/0-38-ct-heart-4/,Train
1769676,HEART,0.3,SI1,F,EX,EX,VG,N,4.13-4.58×2.59,957.59,https://capitalwholesalediamonds.com/product/0-3-ct-heart-239/,Train
1800048,HEART,0.3,SI1,G,VG,VG,VG,N,4.06-4.69×2.64,957.59,https://capitalwholesalediamonds.com/product/0-3-ct-heart-318/,Train
1783864,HEART,0.31,VS2,H,EX,EX,GD,M,4.18-4.78×2.70,957.81,https://capitalwholesalediamonds.com/product/0-31-ct-heart-132/,Train
1767973,HEART,0.3,SI1,D,VG,EX,VG,N,3.83-4.59×2.75,958.57,https://capitalwholesalediamonds.com/product/0-3-ct-heart-518/,Train
1783875,HEART,0.3,SI1,G,VG,EX,VG,N,4.03-4.82×2.66,958.58,https://capitalwholesalediamonds.com/product/0-3-ct-heart-331/,Train
1783874,HEART,0.3,SI1,F,EX,EX,VG,N,3.98-4.70×2.71,959.11,https://capitalwholesalediamonds.com/product/0-3-ct-heart-233/,Train
1787975,HEART,0.31,SI1,H,EX,EX,VG,N,4.05-4.78×2.80,960.43,https://capitalwholesalediamonds.com/product/0-31-ct-heart-133/,Train
1775309,HEART,0.3,VS2,H,VG,VG,GD,N,4.12-4.76×2.73,961.61,https://capitalwholesalediamonds.com/product/0-3-ct-heart-359/,Train
1791799,HEART,0.3,VS2,G,GD,EX,GD,N,4.22-4.55×2.45,961.64,https://capitalwholesalediamonds.com/product/0-3-ct-heart-304/,Train
1783851,HEART,0.3,VS1,H,VG,VG,GD,F,4.18-4.54×2.56,961.64,https://capitalwholesalediamonds.com/product/0-3-ct-heart-353/,Train
1779845,HEART,0.3,SI1,F,EX,VG,VG,N,4.01-4.78×2.76,962.15,https://capitalwholesalediamonds.com/product/0-3-ct-heart-244/,Train
1741343,HEART,0.3,VS2,F,VG,VG,GD,N,4.06-4.77×2.65,962.71,https://capitalwholesalediamonds.com/product/0-3-ct-heart-218/,Train
1751882,HEART,0.29,VS2,F,EX,EX,GD,N,3.96-4.66×2.80,962.89,https://capitalwholesalediamonds.com/product/0-29-ct-heart-12/,Train
1775320,HEART,0.31,SI1,G,EX,EX,VG,N,4.30-4.68×2.62,963.05,https://capitalwholesalediamonds.com/product/0-31-ct-heart-115/,Train
1795909,HEART,0.31,SI1,G,EX,VG,VG,N,4.03-4.78×2.74,964.08,https://capitalwholesalediamonds.com/product/0-31-ct-heart-110/,Train
1769677,HEART,0.3,SI1,F,EX,EX,VG,N,4.06-4.69×2.78,964.65,https://capitalwholesalediamonds.com/product/0-3-ct-heart-237/,Train
1771373,HEART,0.3,SI1,F,EX,EX,VG,N,4.06-4.70×2.77,964.65,https://capitalwholesalediamonds.com/product/0-3-ct-heart-238/,Train
1758234,HEART,0.3,VS2,H,EX,VG,GD,N,4.00-4.71×2.78,964.65,https://capitalwholesalediamonds.com/product/0-3-ct-heart-363/,Train
1785289,HEART,0.31,SI1,G,VG,EX,VG,N,3.95-4.76×2.88,965.11,https://capitalwholesalediamonds.com/product/0-31-ct-heart-113/,Train
1786580,HEART,0.31,SI1,G,EX,VG,GD,N,4.16-4.73×2.74,965.11,https://capitalwholesalediamonds.com/product/0-31-ct-heart-117/,Train
1785292,HEART,0.3,SI1,G,EX,VG,VG,N,3.94-4.71×2.77,965.68,https://capitalwholesalediamonds.com/product/0-3-ct-heart-332/,Train
1767969,HEART,0.3,SI1,D,VG,EX,VG,N,4.31-4.69×2.67,966.24,https://capitalwholesalediamonds.com/product/0-3-ct-heart-517/,Train
1787963,HEART,0.3,VS2,H,VG,VG,GD,N,4.16-4.74×2.66,966.71,https://capitalwholesalediamonds.com/product/0-3-ct-heart-362/,Train
1787933,HEART,0.34,VS1,G,EX,EX,GD,N,4.33-4.85×2.73,967.27,https://capitalwholesalediamonds.com/product/0-34-ct-heart-21/,Train
1781399,HEART,0.39,SI1,G,GD,EX,VG,N,4.65-4.93×2.68,967.49,https://capitalwholesalediamonds.com/product/0-39-ct-heart-4/,Train
1778568,HEART,0.3,VS2,H,EX,VG,GD,N,3.99-4.68×2.68,967.69,https://capitalwholesalediamonds.com/product/0-3-ct-heart-355/,Train
1626364,HEART,0.5,SI1,L,EX,EX,VG,M,4.83-5.61×3.30,968.24,https://capitalwholesalediamonds.com/product/0-5-ct-heart-101/,Train
1800036,HEART,0.35,SI1,D,GD,VG,GD,N,4.59-4.88×2.69,969.18,https://capitalwholesalediamonds.com/product/0-35-ct-heart-22/,Train
1800793,HEART,0.29,VS1,E,VG,EX,GD,M,3.82-4.60×2.75,969.25,https://capitalwholesalediamonds.com/product/0-29-ct-heart-2/,Train
1787970,HEART,0.3,SI1,E,VG,EX,VG,N,4.26-4.65×2.72,969.76,https://capitalwholesalediamonds.com/product/0-3-ct-heart-126/,Train
1785286,HEART,0.3,SI1,E,VG,VG,GD,N,3.94-4.73×2.62,969.76,https://capitalwholesalediamonds.com/product/0-3-ct-heart-131/,Train
1793188,HEART,0.3,VS1,H,VG,EX,GD,F,3.91-4.66×2.76,969.76,https://capitalwholesalediamonds.com/product/0-3-ct-heart-347/,Train
1778571,HEART,0.32,SI1,G,EX,EX,VG,N,4.19-4.80×2.81,970.20,https://capitalwholesalediamonds.com/product/0-32-ct-heart-73/,Train
1595077,HEART,0.5,SI1,L,VG,VG,VG,F,4.62-5.55×3.09,970.83,https://capitalwholesalediamonds.com/product/0-5-ct-heart-103/,Train
1785242,HEART,0.3,VS1,D,VG,VG,GD,M,4.11-4.66×2.64,971.75,https://capitalwholesalediamonds.com/product/0-3-ct-heart-463/,Train
1800039,HEART,0.3,SI1,D,GD,EX,VG,N,3.93-4.64×2.58,971.75,https://capitalwholesalediamonds.com/product/0-3-ct-heart-514/,Train
1795876,HEART,0.32,VS1,I,EX,VG,VG,F,4.05-4.75×2.74,972.43,https://capitalwholesalediamonds.com/product/0-32-ct-heart-83/,Train
1771378,HEART,0.32,SI1,G,EX,VG,VG,N,4.26-4.74×2.66,972.92,https://capitalwholesalediamonds.com/product/0-32-ct-heart-72/,Train
1793209,HEART,0.33,SI1,F,EX,VG,GD,N,4.23-4.66×2.81,973.27,https://capitalwholesalediamonds.com/product/0-33-ct-heart-27/,Train
1773524,HEART,0.31,VS2,E,VG,VG,GD,M,4.24-4.76×2.72,973.51,https://capitalwholesalediamonds.com/product/0-31-ct-heart-30/,Train
1756509,HEART,0.34,SI1,D,EX,EX,VG,N,4.38-4.76×2.73,973.52,https://capitalwholesalediamonds.com/product/0-34-ct-heart-46/,Train
1787964,HEART,0.3,VS2,H,VG,EX,GD,N,4.00-4.60×2.69,973.78,https://capitalwholesalediamonds.com/product/0-3-ct-heart-361/,Train
1800042,HEART,0.3,SI1,E,VG,EX,VG,N,3.88-4.64×2.74,974.30,https://capitalwholesalediamonds.com/product/0-3-ct-heart-112/,Train
1795905,HEART,0.3,SI1,E,VG,VG,VG,N,4.02-4.67×2.78,974.30,https://capitalwholesalediamonds.com/product/0-3-ct-heart-114/,Train
1800043,HEART,0.3,SI1,E,VG,EX,VG,N,4.16-4.79×2.64,974.30,https://capitalwholesalediamonds.com/product/0-3-ct-heart-117/,Train
1800783,HEART,0.3,SI1,E,EX,VG,VG,F,4.32-4.62×2.61,974.30,https://capitalwholesalediamonds.com/product/0-3-ct-heart-128/,Train
1800045,HEART,0.3,SI1,E,EX,EX,VG,N,4.15-4.68×2.65,974.30,https://capitalwholesalediamonds.com/product/0-3-ct-heart-132/,Train
1800032,HEART,0.3,VS2,G,GD,VG,GD,N,3.98-4.70×2.61,974.30,https://capitalwholesalediamonds.com/product/0-3-ct-heart-300/,Train
1791777,HEART,0.4,VS2,J,VG,EX,GD,F,4.45-5.07×3.03,974.83,https://capitalwholesalediamonds.com/product/0-4-ct-heart-206/,Train
1785260,HEART,0.3,VS1,G,VG,GD,GD,F,3.85-4.63×2.77,975.81,https://capitalwholesalediamonds.com/product/0-3-ct-heart-284/,Train
1490932,HEART,0.27,VVS2,G,EX,VG,VG,N,3.94-4.46×2.64,975.86,https://capitalwholesalediamonds.com/product/0-27-ct-heart/,Train
1785261,HEART,0.39,VS1,H,GD,VG,GD,M,4.69-5.00×2.69,976.75,https://capitalwholesalediamonds.com/product/0-39-ct-heart-5/,Train
1791800,HEART,0.3,VS2,G,GD,VG,VG,N,4.18-4.63×2.55,977.39,https://capitalwholesalediamonds.com/product/0-3-ct-heart-301/,Train
1800049,HEART,0.3,SI1,G,VG,EX,VG,N,3.84-4.60×2.72,978.37,https://capitalwholesalediamonds.com/product/0-3-ct-heart-320/,Train
1800782,HEART,0.31,SI1,E,EX,EX,VG,F,4.23-4.69×2.62,979.25,https://capitalwholesalediamonds.com/product/0-31-ct-heart-36/,Train
1789920,HEART,0.33,VS1,I,EX,EX,VG,F,4.23-4.95×2.89,979.42,https://capitalwholesalediamonds.com/product/0-33-ct-heart-53/,Train
1787960,HEART,0.31,VS2,H,VG,VG,GD,N,3.96-4.76×2.87,979.81,https://capitalwholesalediamonds.com/product/0-31-ct-heart-128/,Train
1775313,HEART,0.3,SI1,D,VG,EX,VG,N,3.95-4.61×2.78,979.95,https://capitalwholesalediamonds.com/product/0-3-ct-heart-511/,Test
1785287,HEART,0.3,SI1,F,EX,EX,VG,N,4.08-4.68×2.73,981.38,https://capitalwholesalediamonds.com/product/0-3-ct-heart-226/,Test
1785288,HEART,0.3,SI1,F,EX,EX,VG,N,4.20-4.74×2.66,981.38,https://capitalwholesalediamonds.com/product/0-3-ct-heart-227/,Test
1777480,HEART,0.3,VVS1,H,EX,EX,GD,N,4.16-4.54×2.66,983.93,https://capitalwholesalediamonds.com/product/0-3-ct-heart-339/,Test
1787967,HEART,0.3,SI1,D,VG,EX,VG,N,3.93-4.58×2.76,984.43,https://capitalwholesalediamonds.com/product/0-3-ct-heart-519/,Test
1781400,HEART,0.39,SI1,G,VG,EX,VG,F,4.61-5.19×2.89,984.66,https://capitalwholesalediamonds.com/product/0-39-ct-heart-3/,Test
1787957,HEART,0.3,VS2,G,VG,EX,GD,N,3.89-4.68×2.82,985.51,https://capitalwholesalediamonds.com/product/0-3-ct-heart-308/,Test
1795896,HEART,0.31,VS2,H,EX,EX,GD,F,4.24-4.68×2.67,985.54,https://capitalwholesalediamonds.com/product/0-31-ct-heart-126/,Test
1800776,HEART,0.37,VS2,I,EX,EX,VG,F,4.45-5.02×2.82,985.86,https://capitalwholesalediamonds.com/product/0-37-ct-heart-2/,Test
1773518,HEART,0.3,VVS2,H,EX,VG,GD,F,4.06-4.64×2.75,985.98,https://capitalwholesalediamonds.com/product/0-3-ct-heart-341/,Test
1789944,HEART,0.32,SI1,H,EX,EX,VG,N,4.09-4.83×2.82,986.98,https://capitalwholesalediamonds.com/product/0-32-ct-heart-80/,Test
1797324,HEART,0.3,VS2,H,VG,EX,GD,N,4.31-4.57×2.53,987.01,https://capitalwholesalediamonds.com/product/0-3-ct-heart-358/,Test
1793196,HEART,0.3,VS2,E,VG,EX,GD,F,4.25-4.61×2.58,987.50,https://capitalwholesalediamonds.com/product/0-3-ct-heart-111/,Test
1795902,HEART,0.31,SI1,E,EX,VG,VG,F,4.07-4.62×2.66,987.64,https://capitalwholesalediamonds.com/product/0-31-ct-heart-40/,Test
1799975,HEART,0.4,SI2,G,GD,EX,GD,N,4.34-4.80×3.00,987.70,https://capitalwholesalediamonds.com/product/0-4-ct-heart-153/,Test
1772586,HEART,0.3,VS1,G,VG,EX,GD,F,3.94-4.73×2.65,988.04,https://capitalwholesalediamonds.com/product/0-3-ct-heart-271/,Test
1762901,HEART,0.5,SI1,L,VG,EX,VG,F,4.65-5.48×3.27,988.68,https://capitalwholesalediamonds.com/product/0-5-ct-heart-371/,Test
1787961,HEART,0.3,VS2,H,EX,VG,GD,N,3.92-4.64×2.76,988.99,https://capitalwholesalediamonds.com/product/0-3-ct-heart-356/,Test
1800780,HEART,0.3,SI1,D,VG,VG,VG,N,4.23-4.59×2.55,988.99,https://capitalwholesalediamonds.com/product/0-3-ct-heart-532/,Test
1769668,HEART,0.32,VS2,H,EX,EX,VG,N,4.13-4.91×2.75,989.71,https://capitalwholesalediamonds.com/product/0-32-ct-heart-78/,Test
1795904,HEART,0.3,SI1,E,VG,EX,VG,N,4.01-4.62×2.59,990.53,https://capitalwholesalediamonds.com/product/0-3-ct-heart-130/,Test
1795894,HEART,0.3,VS2,G,VG,EX,VG,M,4.13-4.65×2.61,990.53,https://capitalwholesalediamonds.com/product/0-3-ct-heart-303/,Test
1800786,HEART,0.3,SI1,G,EX,EX,VG,N,4.09-4.67×2.61,992.57,https://capitalwholesalediamonds.com/product/0-3-ct-heart-328/,Test
1787926,HEART,0.31,VS1,D,EX,EX,GD,ST,4.15-4.74×2.82,992.88,https://capitalwholesalediamonds.com/product/0-31-ct-heart-168/,Test
1793187,HEART,0.3,VS1,H,EX,VG,VG,N,3.99-4.74×2.70,993.04,https://capitalwholesalediamonds.com/product/0-3-ct-heart-352/,Test
1785293,HEART,0.32,SI1,H,EX,VG,VG,N,4.25-4.81×2.74,993.52,https://capitalwholesalediamonds.com/product/0-32-ct-heart-81/,Test
1752963,HEART,0.29,VS2,E,VG,VG,GD,F,4.31-4.59×2.52,993.74,https://capitalwholesalediamonds.com/product/0-29-ct-heart-5/,Test
1789123,HEART,0.31,SI1,G,EX,EX,VG,N,4.08-4.65×2.76,993.94,https://capitalwholesalediamonds.com/product/0-31-ct-heart-111/,Test
1791132,HEART,0.31,SI1,G,EX,EX,VG,N,4.17-4.69×2.76,993.94,https://capitalwholesalediamonds.com/product/0-31-ct-heart-114/,Test
1626363,HEART,0.5,SI1,L,EX,EX,VG,F,4.84-5.47×3.16,994.18,https://capitalwholesalediamonds.com/product/0-5-ct-heart-104/,Test
1793203,HEART,0.31,VS2,H,VG,VG,GD,N,4.39-4.67×2.57,994.97,https://capitalwholesalediamonds.com/product/0-31-ct-heart-127/,Test
1762933,HEART,0.3,VS2,G,EX,VG,VG,N,4.39-4.63×2.55,996.61,https://capitalwholesalediamonds.com/product/0-3-ct-heart-311/,Test
1800775,HEART,0.34,VS2,H,GD,VG,GD,N,4.21-4.83×2.94,997.69,https://capitalwholesalediamonds.com/product/0-34-ct-heart-29/,Test
1795875,HEART,0.3,VS1,H,EX,EX,GD,F,3.88-4.59×2.73,998.15,https://capitalwholesalediamonds.com/product/0-3-ct-heart-351/,Test
1794487,HEART,0.32,VVS1,I,EX,EX,VG,N,4.34-4.74×2.76,998.32,https://capitalwholesalediamonds.com/product/0-32-ct-heart-82/,Test
1793205,HEART,0.31,SI1,E,EX,VG,VG,N,4.13-4.67×2.62,998.71,https://capitalwholesalediamonds.com/product/0-31-ct-heart-39/,Test
1800750,HEART,0.33,VS1,I,EX,VG,GD,F,4.25-4.71×2.64,999.50,https://capitalwholesalediamonds.com/product/0-33-ct-heart-54/,Test
1789121,HEART,0.31,VS2,E,EX,EX,VG,N,3.98-4.73×2.81,999.72,https://capitalwholesalediamonds.com/product/0-31-ct-heart-29/,Test
1771363,HEART,0.35,SI1,D,EX,VG,GD,N,4.16-4.96×2.94,"1,000.56",https://capitalwholesalediamonds.com/product/0-35-ct-heart-24/,Test
1787955,HEART,0.3,VS2,F,EX,VG,GD,N,4.03-4.65×2.63,"1,000.72",https://capitalwholesalediamonds.com/product/0-3-ct-heart-210/,Test
1787966,HEART,0.3,SI1,D,EX,EX,GD,N,4.08-4.70×2.79,"1,000.72",https://capitalwholesalediamonds.com/product/0-3-ct-heart-528/,Test
1787896,HEART,0.4,VS1,J,GD,EX,VG,M,4.32-5.00×3.06,"1,001.16",https://capitalwholesalediamonds.com/product/0-4-ct-heart-205/,Test
1793210,HEART,0.31,SI1,F,EX,EX,VG,N,4.03-4.68×2.76,"1,002.83",https://capitalwholesalediamonds.com/product/0-31-ct-heart-81/,Test
1783872,HEART,0.31,SI1,F,EX,EX,VG,N,4.04-4.79×2.80,"1,002.83",https://capitalwholesalediamonds.com/product/0-31-ct-heart-84/,Test
1756504,HEART,0.3,VS2,F,EX,EX,GD,N,4.24-4.65×2.62,"1,003.72",https://capitalwholesalediamonds.com/product/0-3-ct-heart-213/,Test
1756482,HEART,0.42,SI2,I,EX,EX,VG,N,4.58-5.09×2.87,"1,003.83",https://capitalwholesalediamonds.com/product/0-42-ct-heart-21/,Test
1761706,HEART,0.3,VS2,G,EX,GD,EX,N,4.10-4.78×2.68,"1,004.23",https://capitalwholesalediamonds.com/product/0-3-ct-heart-314/,Test
1783855,HEART,0.3,VS2,E,VG,EX,GD,N,3.88-4.65×2.81,"1,004.74",https://capitalwholesalediamonds.com/product/0-3-ct-heart-95/,Test
1789928,HEART,0.3,VS2,E,VG,VG,GD,N,4.04-4.62×2.78,"1,004.74",https://capitalwholesalediamonds.com/product/0-3-ct-heart-110/,Test
1800749,HEART,0.3,VS1,G,GD,VG,GD,N,4.35-4.58×2.56,"1,005.80",https://capitalwholesalediamonds.com/product/0-3-ct-heart-286/,Test
1795893,HEART,0.3,VS2,G,VG,VG,GD,N,4.33-4.65×2.57,"1,006.26",https://capitalwholesalediamonds.com/product/0-3-ct-heart-297/,Test
1800774,HEART,0.3,VS2,G,VG,VG,GD,N,4.16-4.50×2.68,"1,006.26",https://capitalwholesalediamonds.com/product/0-3-ct-heart-307/,Test
1794508,HEART,0.32,SI1,F,EX,VG,VG,N,4.11-4.81×2.71,"1,006.43",https://capitalwholesalediamonds.com/product/0-32-ct-heart-52/,Test
1783870,HEART,0.31,SI1,E,EX,VG,VG,N,4.08-4.74×2.77,"1,007.09",https://capitalwholesalediamonds.com/product/0-31-ct-heart-37/,Test
1798685,HEART,0.38,VVS2,I,VG,EX,GD,F,4.57-5.02×2.89,"1,008.54",https://capitalwholesalediamonds.com/product/0-38-ct-heart-6/,Test
1783857,HEART,0.3,VS2,F,GD,VG,GD,N,3.98-4.71×2.75,"1,008.81",https://capitalwholesalediamonds.com/product/0-3-ct-heart-216/,Test
1789936,HEART,0.3,SI1,D,VG,EX,VG,N,3.95-4.74×2.62,"1,008.81",https://capitalwholesalediamonds.com/product/0-3-ct-heart-525/,Test
1800001,HEART,0.3,VS1,E,VG,EX,GD,M,4.26-4.49×2.70,"1,008.85",https://capitalwholesalediamonds.com/product/0-3-ct-heart-66/,Test
1800022,HEART,0.3,VS2,D,VG,EX,VG,ST,4.14-4.55×2.75,"1,008.85",https://capitalwholesalediamonds.com/product/0-3-ct-heart-485/,Test
1779840,HEART,0.3,VS2,G,VG,VG,GD,N,4.09-4.60×2.58,"1,009.27",https://capitalwholesalediamonds.com/product/0-3-ct-heart-290/,Test
1800726,HEART,0.3,VVS1,H,VG,VG,GD,F,4.34-4.61×2.63,"1,009.30",https://capitalwholesalediamonds.com/product/0-3-ct-heart-337/,Test
1778570,HEART,0.31,SI1,F,EX,EX,EX,N,4.05-4.71×2.77,"1,012.82",https://capitalwholesalediamonds.com/product/0-31-ct-heart-80/,Test
1793197,HEART,0.3,VS2,E,VG,EX,GD,N,3.98-4.74×2.73,"1,013.32",https://capitalwholesalediamonds.com/product/0-3-ct-heart-83/,Test
1750281,HEART,0.4,SI1,E,EX,EX,GD,N,4.58-5.08×2.89,"1,013.34",https://capitalwholesalediamonds.com/product/0-4-ct-heart-45/,Test
1767971,HEART,0.3,SI1,D,EX,EX,VG,N,4.17-4.53×2.68,"1,013.39",https://capitalwholesalediamonds.com/product/0-3-ct-heart-521/,Test
1771346,HEART,0.3,VS2,E,VG,VG,GD,N,4.09-4.63×2.65,"1,013.86",https://capitalwholesalediamonds.com/product/0-3-ct-heart-89/,Test
1800033,HEART,0.3,VS2,G,VG,EX,GD,N,3.89-4.59×2.68,"1,014.37",https://capitalwholesalediamonds.com/product/0-3-ct-heart-296/,Test
1797320,HEART,0.3,VS1,G,GD,VG,GD,N,4.23-4.47×2.42,"1,014.42",https://capitalwholesalediamonds.com/product/0-3-ct-heart-282/,Test
1800038,HEART,0.3,SI1,D,EX,VG,GD,N,4.16-4.68×2.72,"1,014.42",https://capitalwholesalediamonds.com/product/0-3-ct-heart-512/,Test
1781401,HEART,0.36,SI1,G,EX,EX,VG,N,4.41-4.92×2.83,"1,015.83",https://capitalwholesalediamonds.com/product/0-36-ct-heart-4/,Test
